,precision,recall,f1-score,support
0,0.8333333333333334,0.6896551724137931,0.7547169811320755,29.0
1,0.8695652173913043,0.8695652173913043,0.8695652173913043,46.0
2,0.7297297297297297,0.84375,0.7826086956521738,32.0
accuracy,0.8130841121495327,0.8130841121495327,0.8130841121495327,0.8130841121495327
macro avg,0.8108760934847892,0.8009901299350325,0.8022969647251846,107.0
weighted avg,0.8179254020375516,0.8130841121495327,0.8124324365766332,107.0
